name,brand,price,original_price,special_price,savings,image_url,product_url,product_code,category,in_stock,on_special,scraped_at
Rajah Beef Madras Cook-In-Sauce Sachet 15g,,10.99,,10.99,,https://www.shoprite.co.za/medias/lqi-10641192EA-checkers300Wx300H?context=bWFzdGVyfGltYWdlc3wyODY5fGltYWdlL3BuZ3xpbWFnZXMvaDJiL2hiZS8xMDM2MjYzODY2MzcxMC5wbmd8ZTdmNmM1ZTFjYzI1ZGIyZDdiZDdhNmZkZWUxOGU2YjJmMzM5ZTIwNGFmZDBlOTM4MTEyNDUyMTA1YzI0Mzc2Yg,https://www.shoprite.co.za/All-Departments/Food/Food-Cupboard/Cooking-Ingredients/Cook-In-Sauces-and-Kits/Rajah-Beef-Madras-Cook-In-Sauce-Sachet-15g/p/10641192EA,,Food Cupboard,True,True,2025-10-06T02:10:32.476574
Rajah Chicken Tikka Cook-In-Sauce Sachet 15g,,10.99,,10.99,,https://www.shoprite.co.za/medias/lqi-10641194EA-checkers300Wx300H?context=bWFzdGVyfGltYWdlc3wyOTA5fGltYWdlL3BuZ3xpbWFnZXMvaGZiL2gwNi8xMDA0NzI2MzkzMjQ0Ni5wbmd8Mjg4MWZkYWIwNmNmZjcyYWI2ZjUwZWY5ZDE5YWFlMmVmMDE0YzUyZWQ5YWNlNTMyZjkzMDQ4MjM1Mzg2ZWQ2Yg,https://www.shoprite.co.za/All-Departments/Food/Food-Cupboard/Cooking-Ingredients/Cook-In-Sauces-and-Kits/Rajah-Chicken-Tikka-Cook-In-Sauce-Sachet-15g/p/10641194EA,,Food Cupboard,True,True,2025-10-06T02:10:32.477221
Royco Stew Mix For Beef 200g,,18.99,,18.99,,https://www.shoprite.co.za/medias/lqi-10498613EA-checkers300Wx300H?context=bWFzdGVyfGltYWdlc3wyNjMzfGltYWdlL3BuZ3xpbWFnZXMvaGNiL2g2YS8xMDExMDY5Mzk5ODYyMi5wbmd8N2ZjOTk3NjM0NDhhOTQ5NThmZDA5NzdlMjExOTBiMDYxMDQ3ZmEzYTQzYTc0MjgwMmZlZTU4MTEwMGJmMzJmZg,https://www.shoprite.co.za/All-Departments/Food/Food-Cupboard/Cooking-Ingredients/Soups-and-Stocks/Royco-Stew-Mix-For-Beef-200g/p/10498613EA,,Food Cupboard,True,True,2025-10-06T02:10:32.477569
Royco Stew Mix For Chicken 200g,,18.99,,18.99,,https://www.shoprite.co.za/medias/lqi-10498612EA-checkers300Wx300H?context=bWFzdGVyfGltYWdlc3wyNjM3fGltYWdlL3BuZ3xpbWFnZXMvaGI4L2gxYS8xMDExMDY5MjI5NDY4Ni5wbmd8ZmEwNWM4OGU2YjU5NDNiZTNiMDlhMzJiMGUzZjFmZTUwNTgyM2JjMGUyZWYzODc5NWE5MmJkMmUyM2Y4NjA3Yw,https://www.shoprite.co.za/All-Departments/Food/Food-Cupboard/Cooking-Ingredients/Soups-and-Stocks/Royco-Stew-Mix-For-Chicken-200g/p/10498612EA,,Food Cupboard,True,True,2025-10-06T02:10:32.477890
Blue Ribbon Toaster White Bread 700g,,18.99,,18.99,,https://www.shoprite.co.za/medias/lqi-checkers300Wx300H-medias-10456482EA-en-shopriteGlobalProductCatalog-20250206095828.png?context=bWFzdGVyfGltYWdlc3wxMTM0fGltYWdlL3BuZ3xpbWFnZXMvaDMxL2hkNC8xMTU5MTYwNzQxODkxMC5wbmd8NzE1M2QwNmY4OGExZjg4NzcxZWJmMTMxOGE4MzdhNzYyYjMwNWIxMDhjN2VkMGY2Njk3Y2Y1MGQ2Y2Q1MWQ5MA,https://www.shoprite.co.za/All-Departments/Food/Bakery/Bread-and-Rolls/White-Bread/Blue-Ribbon-Toaster-White-Bread-700g-/p/10456482EA,,Bakery,True,True,2025-10-06T02:10:32.478199
Darling Fresh Full Cream Milk Sachet 1L,,13.49,,13.49,,https://www.shoprite.co.za/medias/lqi-10124889EA-checkers300Wx300H?context=bWFzdGVyfGltYWdlc3wyMjY0fGltYWdlL3BuZ3xpbWFnZXMvaGZmL2g3NS8xMDYxODk1OTk4NjcxOC5wbmd8OTEwNWI2NzNjMDY2Yzg4N2VhNzZhMjc5NWEyYzY4M2NmZmVhMmI4NWY0MWI3MTAxYmE2YzM1NWMzOTEwMDhkMg,https://www.shoprite.co.za/All-Departments/Food/Fresh-Food/Milk%2C-Butter-and-Eggs/Milk/Darling-Fresh-Full-Cream-Milk-Sachet-1L/p/10124889EA,,Fresh Food,True,True,2025-10-06T02:10:32.478534
County Fair Frozen Chicken Mixed Portions With Brine Based Mixture 5kg,,239.99,,239.99,,https://www.shoprite.co.za/medias/lqi-10538316EA-checkers300Wx300H?context=bWFzdGVyfGltYWdlc3wyODkwfGltYWdlL3BuZ3xpbWFnZXMvaGZjL2g1ZC85MTAyMTUwMTM5OTM0LnBuZ3xlMmYxYjE5NWJiYzg0ODQ4ZjllMWIyZDExMDdiNjE5YThkMDNlYWYzNTMxYzU5ZTQ0ZGM2MGYzMTUxNDQwOWI0,https://www.shoprite.co.za/All-Departments/Food/Frozen-Food/Frozen-Meat-and-Poultry/Frozen-Chicken/County-Fair-Frozen-Chicken-Mixed-Portions-With-Brine-Based-Mixture-5kg/p/10538316EA,,Frozen Food,True,True,2025-10-06T02:10:32.478848
Blue Ribbon Sliced White Bread 700g,,18.99,,18.99,,https://www.shoprite.co.za/medias/lqi-checkers300Wx300H-medias-10136370EA-en-shopriteGlobalProductCatalog-20250206095817.png?context=bWFzdGVyfGltYWdlc3wxMTY3fGltYWdlL3BuZ3xpbWFnZXMvaGYyL2g3Yi8xMTU5MTU2NzQ0MTk1MC5wbmd8Yjg2NWVlMDQ1ZTRlOWRlYWU0MjM3ODY2MjY3OWU3ODA4NjIxMTJmZWRmZjVlNTdkN2I0Zjk4YjM5ZjRjZDcwNw,https://www.shoprite.co.za/All-Departments/Food/Bakery/Bread-and-Rolls/White-Bread/Blue-Ribbon-Sliced-White-Bread-700g-/p/10136370EA,,Bakery,True,True,2025-10-06T02:10:32.479157
Farmbest Fresh Chicken Braai Pack 5 Piece Per kg,,56.99,,56.99,,https://www.shoprite.co.za/medias/lqi-10357568KG-checkers300Wx300H?context=bWFzdGVyfGltYWdlc3wyMzU4fGltYWdlL3BuZ3xpbWFnZXMvaGEyL2hiMy8xMDM4MDkyODA5MDE0Mi5wbmd8N2M2MDZiMWY5YmVkODg1Y2FhODcwZDI5ZWUwYzAzM2Y2ZTIzZmNmOWIzMTY4MjY5YzJhMTUzODA2NmNmOTQwOA,https://www.shoprite.co.za/All-Departments/Food/Fresh-Food/Fresh-Meat-and-Poultry/Farmbest-Fresh-Chicken-Braai-Pack-5-Piece-Per-kg/p/10357568KG,,Fresh Food,True,True,2025-10-06T02:10:32.479492
SASKO More Slices White Bread 700g,,16.99,,16.99,,https://www.shoprite.co.za/medias/lqi-checkers300Wx300H-medias-10241927EA-en-shopriteGlobalProductCatalog-20250109031710.png?context=bWFzdGVyfGltYWdlc3wxNzQ5fGltYWdlL3BuZ3xpbWFnZXMvaGVlL2g5NC8xMTUxNzU0MjY5NDk0Mi5wbmd8ZWYzNDEzMzdlNTBlY2M4OTQxMmI4YTEyNWZlOTA3MDBmODkyNTRjNjg0NWYyZmFiNzU1NDJkMGZjYTA0ZTljNQ,https://www.shoprite.co.za/All-Departments/Food/Bakery/Bread-and-Rolls/White-Bread/SASKO-More-Slices-White-Bread-700g/p/10241927EA,,Bakery,True,True,2025-10-06T02:10:32.479811
Brown Bread 600g,,12.99,,12.99,,https://www.shoprite.co.za/medias/lqi-checkers300Wx300H-medias-10810522EA-en-shopriteGlobalProductCatalog-20240919110235.png?context=bWFzdGVyfGltYWdlc3wxNDQ5fGltYWdlL3BuZ3xpbWFnZXMvaGYzL2gwNS8xMTI1NzEzNzc1ODIzOC5wbmd8MGQwNTNjYTEzNjk1MmU5NDFhZjlhOGFhZDQ0YjY5OWVlNjBhZTg0MjIzMGYwNGY1NjBjNTJjZDc0NzBmNGRjOA,https://www.shoprite.co.za/All-Departments/Food/Bakery/Bread-and-Rolls/Brown-and-Wholemeal-Bread/Brown-Bread-600g/p/10810522EA,,Bakery,True,True,2025-10-06T02:10:32.480136
Potatoes 7kg,,44.99,,44.99,,https://www.shoprite.co.za/medias/lqi-checkers300Wx300H-medias-10147186EA-en-shopriteGlobalProductCatalog-20250714114457.png?context=bWFzdGVyfGltYWdlc3wxMjY3fGltYWdlL3BuZ3xpbWFnZXMvaGNiL2g5NS8xMTkyNTQxMDU3ODQ2Mi5wbmd8YjYyZjI2MmZmNzc3ZWY3MzIwOTBhNDA5MGMzNDUxNDgyZGI4NzMzNTFlYzA3YjNiNjIwMmU4NjhkYTNkNmZiMQ,https://www.shoprite.co.za/All-Departments/Food/Fresh-Food/Fresh-Vegetables/Potatoes-and-Sweet-Potatoes/Potatoes-7kg/p/10147186EA,,Fresh Food,True,True,2025-10-06T02:10:32.480462
Standard White Bread 600g,,11.99,,11.99,,https://www.shoprite.co.za/medias/lqi-10141145EA-checkers300Wx300H?context=bWFzdGVyfGltYWdlc3wyNTI1fGltYWdlL3BuZ3xpbWFnZXMvaGYyL2g2Yi85MDk5OTIxMTI5NTAyLnBuZ3wyMDMxNmNlNGFlMTQyMDllN2I4OWRmNTIzYjVhN2Y0Mjg4Y2ExNjY1MWFlNmQ5NDg4MzJlMDkyZTM3ZDkzMWU3,https://www.shoprite.co.za/All-Departments/Food/Bakery/Bread-and-Rolls/White-Bread/Standard-White-Bread-600g/p/10141145EA,,Bakery,True,True,2025-10-06T02:10:32.480773
Darling Amasi Maas Bottle 2L,,32.99,,32.99,,https://www.shoprite.co.za/medias/lqi-10131335EA-checkers300Wx300H?context=bWFzdGVyfGltYWdlc3wxNjkxfGltYWdlL3BuZ3xpbWFnZXMvaDQwL2hjNy85OTEwNTcxMjA0NjM4LnBuZ3w0MzQ1ZWU2NDMwYzJkZmE1YmY3YTRlZjkxZGEwY2JkZTBlNDY3ZTA5ZWMwZDk3ZTM5ZTdkZmM4YjRhM2NmNTVm,https://www.shoprite.co.za/All-Departments/Food/Fresh-Food/Milk%2C-Butter-and-Eggs/Dairy-Alternatives/Darling-Amasi-Maas-Bottle-2L/p/10131335EA,,Fresh Food,True,True,2025-10-06T02:10:32.481082
Ritebrand White Sugar 2kg,,49.99,,49.99,,https://www.shoprite.co.za/medias/lqi-checkers300Wx300H-10131982EA.png?context=bWFzdGVyfGltYWdlc3wxNjIwfGltYWdlL3BuZ3xpbWFnZXMvaDU0L2g2My8xMTQyNjQ2MDEzOTU1MC5wbmd8YTMzMjU0YjA2MzQ2Y2IzNGVhMTg5YWY3NzRjZmUzMzE0ZDBiMzRiZmNkYTQyMWRhMDI1MzYyM2NhYTNhZjk0Mw,https://www.shoprite.co.za/All-Departments/Food/Food-Cupboard/Sugar-and-Sweeteners/White-Sugar/Ritebrand-White-Sugar-2kg/p/10131982EA,,Food Cupboard,True,True,2025-10-06T02:10:32.481388
Selati Golden Brown Sugar 2kg,,59.99,,59.99,,https://www.shoprite.co.za/medias/lqi-10156064EA-checkers300Wx300H?context=bWFzdGVyfGltYWdlc3wyNjE4fGltYWdlL3BuZ3xpbWFnZXMvaDRhL2hhYy85ODg1NjAwMDg4MDk0LnBuZ3w3MzI1MTY4ZDcwM2Y3MDIwMjQzMDgyNmFmMWI4MzM1ODQ0Y2ViODJhMDkzMjBlNjI1YTIyZmQ1MDNhOTAxOWI4,https://www.shoprite.co.za/All-Departments/Food/Food-Cupboard/Sugar-and-Sweeteners/Brown%2C-Caramel-and-Treacle-Sugar/Selati-Golden-Brown-Sugar-2kg/p/10156064EA,,Food Cupboard,True,True,2025-10-06T02:10:32.481697
Panini Roll Single,,4.99,,4.99,,https://www.shoprite.co.za/medias/lqi-checkers300Wx300H-medias-10397287EA-en-shopriteGlobalProductCatalog-20240823013337.png?context=bWFzdGVyfGltYWdlc3wxMzAxfGltYWdlL3BuZ3xpbWFnZXMvaDBhL2g4Zi8xMTE4MDM0MDkwMzk2Ni5wbmd8NjNlMmNlOTExMGI5ZGUwMWViYjY0MjRlNzE1YTAyYzkzZWE4ZTljMDVlOTAyZTgxNWI2NmI3ZTgxZDhjZWMxYg,https://www.shoprite.co.za/All-Departments/Food/Bakery/Bread-and-Rolls/Bread-Rolls/Panini-Roll-Single/p/10397287EA,,Bakery,True,True,2025-10-06T02:10:32.482000
Farmbest Fresh Chicken Braai Pack 700g,,38.99,,38.99,,https://www.shoprite.co.za/medias/lqi-checkers300Wx300H-10874870EA.png?context=bWFzdGVyfGltYWdlc3wxOTc4fGltYWdlL3BuZ3xpbWFnZXMvaGVkL2gyOC8xMTU4NzE0OTgyNDAzMC5wbmd8YzUwMzdkZDEwOWE5YTFlODhiMDMzNGM4NjM5OGI1YjhmY2I5MzYxODlhNTExNjczNmNhODdmMGZjNTI0NzBkMQ,https://www.shoprite.co.za/All-Departments/Food/Fresh-Food/Fresh-Meat-and-Poultry/Farmbest-Fresh-Chicken-Braai-Pack-700g/p/10874870EA,,Fresh Food,True,True,2025-10-06T02:10:32.482303
Carrots 1kg,,12.99,,12.99,,https://www.shoprite.co.za/medias/lqi-10152390EA-checkers300Wx300H?context=bWFzdGVyfGltYWdlc3wyNDMwfGltYWdlL3BuZ3xpbWFnZXMvaDgxL2gzMi85MTAwNzg4MDcyNDc4LnBuZ3w2YjFhYzhmNTViMjUyMGViOTdiNmJmMzQzYTMwYjllZmU3ZThjY2RlYzk0NjUwNjZiNjcwNzgzNmU2MTYzODdh,https://www.shoprite.co.za/All-Departments/Food/Fresh-Food/Fresh-Vegetables/Carrots-and-Root-Vegetables/Carrots-1kg/p/10152390EA,,Fresh Food,True,True,2025-10-06T02:10:32.482618
KOO Baked Beans in Tomato Sauce 400g,,16.99,,16.99,,https://www.shoprite.co.za/medias/lqi-checkers300Wx300H-medias-10126789EA-en-shopriteGlobalProductCatalog-20240828121001.png?context=bWFzdGVyfGltYWdlc3wyMjcxfGltYWdlL3BuZ3xpbWFnZXMvaGI0L2hhZC8xMTE4NjY5NTQwNTU5OC5wbmd8YzY0ZDQxZWE4ODA0ODczMDQ3Y2U1NGU2ZjI5YWY5N2E4NjA0NTU2MjZhMWZiMGNhM2M3NzMzNzZkNDA0YTUwOA,https://www.shoprite.co.za/All-Departments/Food/Food-Cupboard/Canned-Food/Canned-Pulses%2C-Lentils-and-Beans/KOO-Baked-Beans-in-Tomato-Sauce-400g-/p/10126789EA,,Food Cupboard,True,True,2025-10-06T02:10:32.482989
Fatti's & Moni's Macaroni Pasta 500g,,19.99,,19.99,,https://www.shoprite.co.za/medias/lqi-10125341EA-checkers300Wx300H?context=bWFzdGVyfGltYWdlc3wyNjg2fGltYWdlL3BuZ3xpbWFnZXMvaDg5L2hhNC8xMDI2OTYwMTA3MTEzNC5wbmd8MzUxNTc3ODkwYjE5NDIyYzc4MDYwYTY3MTM0Mjg1NGZhYzllNzU4ZDg2OTYyZDdjMWU0MjkxMThiZTY3YjBjZg,https://www.shoprite.co.za/All-Departments/Food/Food-Cupboard/Rice%2C-Pasta%2C-Noodles-and-Cous-Cous/Pasta/Fatti%27s-and-Moni%27s-Macaroni-Pasta-500g/p/10125341EA,,Food Cupboard,True,True,2025-10-06T02:10:36.490085
Ritebrand Macaroni 500g,,14.99,,14.99,,https://www.shoprite.co.za/medias/lqi-checkers300Wx300H-medias-10139338EA-en-shopriteGlobalProductCatalog-20250930120505.png?context=bWFzdGVyfGltYWdlc3wxNzkwfGltYWdlL3BuZ3xpbWFnZXMvaGM4L2hmZi8xMjA4ODc4NzYzMjE1OC5wbmd8YTkyYzZiZGYyMTA3NjZiZGY0M2NiMDYyNGJhYWYyZDMxZjJlNjM4YjQ2ODQ0MzE3YzEzZWZhNDU3OGJhYWI2Yw,https://www.shoprite.co.za/All-Departments/Food/Food-Cupboard/Rice%2C-Pasta%2C-Noodles-and-Cous-Cous/Pasta/Ritebrand-Macaroni-500g/p/10139338EA,,Food Cupboard,True,True,2025-10-06T02:10:36.490552
Nulaid Large Eggs 18 Pack,,44.99,,44.99,,https://www.shoprite.co.za/medias/lqi-10125869EA-checkers300Wx300H?context=bWFzdGVyfGltYWdlc3wyMTU2fGltYWdlL3BuZ3xpbWFnZXMvaDVjL2g4ZS85MDg4NTIyOTc3MzEwLnBuZ3w4MjVjODA4MzIwMTRlM2M3MDBiM2JmMGUzMTdkMmZhMzMyYmRhYTJhNzI5MTg4OGY4NDYyMzg0ZTdjNjE3ZTNh,https://www.shoprite.co.za/All-Departments/Food/Fresh-Food/Milk%2C-Butter-and-Eggs/Eggs/Nulaid-Large-Eggs-18-Pack/p/10125869EA,,Fresh Food,True,True,2025-10-06T02:10:36.490895
Standard Brown Bread 600g,,5.0,,5.0,,https://www.shoprite.co.za/medias/lqi-10141147EA-checkers300Wx300H?context=bWFzdGVyfGltYWdlc3wyNDg5fGltYWdlL3BuZ3xpbWFnZXMvaGVhL2hiOS85MTA1NjMyODg2ODE0LnBuZ3w2MWVhNWE4YmZkYjdjOGEwYTMwODk3ODk1YzU5MDBhYmI1MWIwMjVlMGNmMjJjMmUyNmI5OGMxN2M3NzkwMWJh,https://www.shoprite.co.za/All-Departments/Food/Bakery/Bread-and-Rolls/Brown-and-Wholemeal-Bread/Standard-Brown-Bread-600g/p/10141147EA,,Bakery,True,True,2025-10-06T02:10:36.491234
Ritebrand Full Cream Milk 1L,,16.99,,16.99,,https://www.shoprite.co.za/medias/lqi-checkers300Wx300H-medias-10156109EA-en-shopriteGlobalProductCatalog-20240913110914.png?context=bWFzdGVyfGltYWdlc3wxMzUzfGltYWdlL3BuZ3xpbWFnZXMvaDZmL2hjZi8xMTIzNTIwNzc0MTQ3MC5wbmd8Y2Y5NjIwYmVjYWRlOTViMDAzMjUzMmFmYjc3OWIyOWU3NTg2ZTRmZmU5NmZhODc5M2Y1Yjk2YzRkZmE4ZjU2YQ,https://www.shoprite.co.za/All-Departments/Food/Food-Cupboard/Long-Life-Milk-and-Dairy-Alternatives/Long-Life-UHT-Milk/Ritebrand-Full-Cream-Milk-1L-/p/10156109EA,,Food Cupboard,True,True,2025-10-06T02:10:36.491792
Rhodes Quality Tomato Paste 50g,,7.99,,7.99,,https://www.shoprite.co.za/medias/lqi-checkers300Wx300H-medias-10351880EA-en-shopriteGlobalProductCatalog-20250630100910.png?context=bWFzdGVyfGltYWdlc3wxODc2fGltYWdlL3BuZ3xpbWFnZXMvaDkxL2g0Mi8xMTg4NDYwNjM5MDMwMi5wbmd8MDQ2MTVmM2FjMjgzODJiZWEwYTNmOTk0MDE4ZmM3NTdjZWRlMjc1MzJhMmIwNzJlODgzNDRiMWQzMmZmODVkYw,https://www.shoprite.co.za/All-Departments/Food/Food-Cupboard/Cooking-Ingredients/Gravies%2C-Sauces-and-Pastes/Rhodes-Quality-Tomato-Paste-50g/p/10351880EA,,Food Cupboard,True,True,2025-10-06T02:10:36.492134
Fatti's & Moni's Spaghetti Pasta 500g,,19.99,,19.99,,https://www.shoprite.co.za/medias/lqi-10125342EA-checkers300Wx300H?context=bWFzdGVyfGltYWdlc3wxNjUzfGltYWdlL3BuZ3xpbWFnZXMvaDlkL2hiMi8xMDYyNjQ3MjAxNzk1MC5wbmd8YjA3ZDdiNjA1MzE2ZDFiYWM2ZWZlNjA3YzVmYTBlNzk3NzhiN2NiNGEwMDkyNTcwZmVlOWI4MGQxYzdjYWFiNg,https://www.shoprite.co.za/All-Departments/Food/Food-Cupboard/Rice%2C-Pasta%2C-Noodles-and-Cous-Cous/Pasta/Fatti%27s-and-Moni%27s-Spaghetti-Pasta-500g/p/10125342EA,,Food Cupboard,True,True,2025-10-06T02:10:36.492484
Lucky Star Pilchards in Tomato Sauce 400g,,29.99,,29.99,,https://www.shoprite.co.za/medias/lqi-checkers300Wx300H-medias-10185083EA-en-shopriteGlobalProductCatalog-20240918063315.png?context=bWFzdGVyfGltYWdlc3wyNDc0fGltYWdlL3BuZ3xpbWFnZXMvaGU5L2gwYi8xMTI1NDU3MTU5Nzg1NC5wbmd8N2U4MDhhZWEyNGE3ZmExMjUxNjc1YjQ5YmUwMjIzYTAxMzE2NDQ4ZTE4MGVmYThmZWJmNmZiOTY0ZGQ0NjY0Ng,https://www.shoprite.co.za/All-Departments/Food/Food-Cupboard/Canned-Food/Canned-Fish-and-Seafood/Lucky-Star-Pilchards-in-Tomato-Sauce-400g-/p/10185083EA,,Food Cupboard,True,True,2025-10-06T02:10:36.492794
County Fair Fresh Chicken 5 Piece Braaipack Per kg,,56.99,,56.99,,https://www.shoprite.co.za/medias/lqi-10224500KG-checkers300Wx300H?context=bWFzdGVyfGltYWdlc3wyOTE4fGltYWdlL3BuZ3xpbWFnZXMvaDY0L2g1NS8xMDAyNDEyNDAyMjgxNC5wbmd8YzZkZTMwMTRhY2RjMGUwNWRkNGRkNTFjMzQzY2RkMjU1YTAwNjI1MTY5MzM5NWMxYjA3MGZiMjYwZjlmMmU0Ng,https://www.shoprite.co.za/All-Departments/Food/Fresh-Food/Fresh-Meat-and-Poultry/County-Fair-Fresh-Chicken-5-Piece-Braaipack-Per-kg/p/10224500KG,,Fresh Food,True,True,2025-10-06T02:10:36.493107
Nola Original Mayonnaise Jar 750g,,49.99,,49.99,,https://www.shoprite.co.za/medias/lqi-10161754EA-checkers300Wx300H?context=bWFzdGVyfGltYWdlc3wyNTE4fGltYWdlL3BuZ3xpbWFnZXMvaDI4L2hlYi85NzExMDcxNDI4NjM4LnBuZ3wwNmVjMmZlOTRjOGVlYWI4ZTY2MGZkODUwMzk1NGRiNTQ0NDQ5ODZjN2QwZDM5YWI2NTE1ZmZlZTBmMmU3N2Rm,https://www.shoprite.co.za/All-Departments/Food/Food-Cupboard/Table-Condiments-and-Dressings/Mayonnaise/Nola-Original-Mayonnaise-Jar-750g/p/10161754EA,,Food Cupboard,True,True,2025-10-06T02:10:36.493435
Avocado,,9.99,,9.99,,https://www.shoprite.co.za/medias/lqi-10145186EA-checkers300Wx300H?context=bWFzdGVyfGltYWdlc3wyMzg3fGltYWdlL3BuZ3xpbWFnZXMvaDNiL2gwMy85MDk5NDkwNjg5MDU0LnBuZ3w2YWNlNTk2OTEyNzI2NGQwM2YxMmY2ZGZkZDEzNTNjZGU1YThiZmQ3YjIzNmRiMzlmODkzZGU3ODE1ZjI0ZjM5,https://www.shoprite.co.za/All-Departments/Food/Fresh-Food/Fresh-Salad%2C-Herbs-and-Dip/Avocado/Avocado/p/10145186EA,,Fresh Food,True,True,2025-10-06T02:10:36.493853
Allsome Long Grain Parboiled Rice 2kg,,38.99,,38.99,,https://www.shoprite.co.za/medias/lqi-10453681EA-checkers300Wx300H?context=bWFzdGVyfGltYWdlc3wyOTk5fGltYWdlL3BuZ3xpbWFnZXMvaDA2L2hjYi8xMDAyMDk2Nzg3NDU5MC5wbmd8MjI5ODkzNTMxZDc1MjY1Yzk5Yjg2OGJkMDMxZjQ3ZTUwZDE4ZTcwYThmMGI2YzcxYzUzMmU5YzZiYWQ4MjNlMw,https://www.shoprite.co.za/All-Departments/Food/Food-Cupboard/Rice%2C-Pasta%2C-Noodles-and-Cous-Cous/Rice/Allsome-Long-Grain-Parboiled-Rice-2kg/p/10453681EA,,Food Cupboard,True,True,2025-10-06T02:10:36.494256
Ritebrand Spaghetti 500g,,14.99,,14.99,,https://www.shoprite.co.za/medias/lqi-10139337EA-checkers300Wx300H?context=bWFzdGVyfGltYWdlc3wxNTMxfGltYWdlL3BuZ3xpbWFnZXMvaDAyL2hlZi8xMDQyNTY2ODUzNDMwMi5wbmd8YjUyYzZkODlhY2EyNjIzNDMxNmNmYzEyZjU1YTY3NzU5M2IyOGJjMDhiZmZkNzkzYmY3YWUxMzU2N2NlYmI5Ng,https://www.shoprite.co.za/All-Departments/Food/Food-Cupboard/Rice%2C-Pasta%2C-Noodles-and-Cous-Cous/Pasta/Ritebrand-Spaghetti-500g/p/10139337EA,,Food Cupboard,True,True,2025-10-06T02:10:36.494659
Weet-Bix Wholegrain Wheat Biscuits 900g,,64.99,,64.99,,https://www.shoprite.co.za/medias/lqi-10137019EA-checkers300Wx300H?context=bWFzdGVyfGltYWdlc3wzMTU3fGltYWdlL3BuZ3xpbWFnZXMvaDFiL2hjNy8xMDg4NDU1NjE5MzgyMi5wbmd8OTAwMGM5ZmY3OWJlODQ5NDJjYzc4MmQ1Mzk3N2NmODE2ZmYxNThjZGRlMmJkNWQ1MDA2NDI5Zjk2YzYwNzVlZA,https://www.shoprite.co.za/All-Departments/Food/Food-Cupboard/Breakfast-Cereals%2C-Porridge-and-Pap/Healthier-Cereals/Weet-Bix-Wholegrain-Wheat-Biscuits-900g/p/10137019EA,,Food Cupboard,True,True,2025-10-06T02:10:36.495193
Onions 1kg,,18.99,,18.99,,https://www.shoprite.co.za/medias/lqi-10241181EA-checkers300Wx300H?context=bWFzdGVyfGltYWdlc3wxOTg1fGltYWdlL3BuZ3xpbWFnZXMvaGQwL2hlOC85MTAxMTQ5MzM5Njc4LnBuZ3w4NWU5YjM5NDczMTAzNTZjMGEyMDVlNTYwM2VmODc0YWEzNmM3ZWQ3ZmU4YWM3MWUwM2E5OTM4M2I5Nzc5YThm,https://www.shoprite.co.za/All-Departments/Food/Fresh-Food/Fresh-Vegetables/Onions-and-Leeks/Onions-1kg/p/10241181EA,,Fresh Food,True,True,2025-10-06T02:10:36.495717
Ritebrand Baked Beans in Tomato Sauce 410g,,11.99,,11.99,,https://www.shoprite.co.za/medias/lqi-checkers300Wx300H-medias-10137752EA-en-shopriteGlobalProductCatalog-20250904082907.png?context=bWFzdGVyfGltYWdlc3wyNDUwfGltYWdlL3BuZ3xpbWFnZXMvaGEzL2gyMC8xMjAyOTQzMjYyNzIzMC5wbmd8OThjYzMxM2M4MzQ4ZTM1OWE2NTY3MWYwMThlOWE3NjRkNGZiNjgzZTc2MDg2OTM2NThkMzAwMWMxNzdhM2VlOQ,https://www.shoprite.co.za/All-Departments/Food/Food-Cupboard/Canned-Food/Canned-Pulses%2C-Lentils-and-Beans/Ritebrand-Baked-Beans-in-Tomato-Sauce-410g-/p/10137752EA,,Food Cupboard,True,True,2025-10-06T02:10:36.496156
Saldanha Pilchards in Tomato Sauce 400g,,21.99,,21.99,,https://www.shoprite.co.za/medias/lqi-checkers300Wx300H-medias-10402460EA-en-shopriteGlobalProductCatalog-20250305011646.png?context=bWFzdGVyfGltYWdlc3wyMjkwfGltYWdlL3BuZ3xpbWFnZXMvaGQ3L2hkZC8xMTYzNzM4NDI4MjE0Mi5wbmd8OWJhNDI1MWYwZGViNTJlMjgzZGUzZTA3N2E2ODZkYWY1ZTA1NGVmNWQwYTdmNDQ2ZDc2OGQyYzUxZTc3NThlMA,https://www.shoprite.co.za/All-Departments/Food/Food-Cupboard/Canned-Food/Canned-Fish-and-Seafood/Saldanha-Pilchards-in-Tomato-Sauce-400g-/p/10402460EA,,Food Cupboard,True,True,2025-10-06T02:10:36.496591
Crystal Valley Full Cream Long Life Milk 1L,,16.89,,16.89,,https://www.shoprite.co.za/medias/lqi-10156069EA-checkers300Wx300H?context=bWFzdGVyfGltYWdlc3wxODM1fGltYWdlL3BuZ3xpbWFnZXMvaDZjL2gwMS8xMDM2MjUzNTQ3NzI3OC5wbmd8NWIwNTVjMGFhYjUzZjUwMDMyMWFmMTc2MmEyNWZhMTg0YjAxOTIwNDIwZDFjMDlhZjY4YTE4N2NjMjY0NDdlOA,https://www.shoprite.co.za/All-Departments/Food/Fresh-Food/Milk%2C-Butter-and-Eggs/Long-Life-Milk-and-Cream/Crystal-Valley-Full-Cream-Long-Life-Milk-1L/p/10156069EA,,Fresh Food,True,True,2025-10-06T02:10:36.497039
Anchor Instant Yeast 10g,,5.99,,5.99,,https://www.shoprite.co.za/medias/lqi-checkers300Wx300H-medias-10143785EA-en-shopriteGlobalProductCatalog-20250617093633.png?context=bWFzdGVyfGltYWdlc3wyMTkwfGltYWdlL3BuZ3xpbWFnZXMvaDk5L2hjOC8xMTg0Njk5MDI5OTE2Ni5wbmd8NTZiYTNmYzM0NWUwMzNiZDUyZmQ3YjM4NWJkN2E2NmJiYmQ5N2Y4N2JkZDdhNjc3MzRlNzgxY2ZkYjliOTcwNA,https://www.shoprite.co.za/All-Departments/Food/Food-Cupboard/Baking/Baking-Powder-and-Raising-Agents/Anchor-Instant-Yeast-10g/p/10143785EA,,Food Cupboard,True,True,2025-10-06T02:10:36.497382
Selati Pure White Sugar Bag 2.5kg,,57.99,,57.99,,https://www.shoprite.co.za/medias/lqi-10141800EA-checkers300Wx300H?context=bWFzdGVyfGltYWdlc3wyNjI2fGltYWdlL3BuZ3xpbWFnZXMvaGY5L2g2YS85ODg1NTk4MjUzMDg2LnBuZ3wxMjU0YTk4NjhjZjA1NWY0NDk5NmQ1ODAxMTBhMDE4NmI3NTI2ZTNmMzc0MWRhMjM2ZjUwNDVhNTBlOGVlNjM5,https://www.shoprite.co.za/All-Departments/Food/Food-Cupboard/Sugar-and-Sweeteners/White-Sugar/Selati-Pure-White-Sugar-Bag-2-5kg/p/10141800EA,,Food Cupboard,True,True,2025-10-06T02:10:36.497713
Bananas Per kg,,18.99,,18.99,,https://www.shoprite.co.za/medias/lqi-10145033KG-checkers300Wx300H?context=bWFzdGVyfGltYWdlc3wyMzcxfGltYWdlL3BuZ3xpbWFnZXMvaDU3L2g5Yi8xMDQ3NzA3NzY5MjQ0Ni5wbmd8ZDQyYzFmZTQ0NWMwZTc4YTUwOWRhMmE2M2IwMjkxNzFhYTUwMjc0NThmZDc1NDM1MDNkOTM3Y2UxMGZhYzE3Yw,https://www.shoprite.co.za/All-Departments/Food/Fresh-Food/Fresh-Fruit/Bananas/Bananas-Per-kg/p/10145033KG,,Fresh Food,True,True,2025-10-06T02:10:40.461286
White Bread 600g,,14.99,,14.99,,https://www.shoprite.co.za/medias/lqi-checkers300Wx300H-medias-10810523EA-en-shopriteGlobalProductCatalog-20240919110236.png?context=bWFzdGVyfGltYWdlc3wxMzk5fGltYWdlL3BuZ3xpbWFnZXMvaGE4L2g3Ny8xMTI1NzE1ODI3MTAwNi5wbmd8M2VhNjNiOWY4NDE2NDE0OTMxNGVlZjgzOTMyMzMwZDJkZmY0NjY5YThkZjA2MWY5ZjBkODQwMDA4ZGQyYTE1MQ,https://www.shoprite.co.za/All-Departments/Food/Bakery/Bread-and-Rolls/White-Bread/White-Bread-600g/p/10810523EA,,Bakery,True,True,2025-10-06T02:10:40.461713
English Cucumber,,16.99,,16.99,,https://www.shoprite.co.za/medias/lqi-10145817EAv2-checkers300Wx300H?context=bWFzdGVyfGltYWdlc3wxNDA3fGltYWdlL3BuZ3xpbWFnZXMvaDVmL2g1Yy85NTc2NTkyODAxODIyLnBuZ3xhNmZmYjhhNDIyNzI0OWNiZTUyYzNlZTNiMzMwMWEyMThiYmI4ZmVkYWI1NTc0NzRmZmRkNmI5MWExMmM2M2Nl,https://www.shoprite.co.za/All-Departments/Food/Fresh-Food/Fresh-Salad%2C-Herbs-and-Dip/Cucumber/English-Cucumber/p/10145817EA,,Fresh Food,True,True,2025-10-06T02:10:40.462029
Ritebrand Long Life Full Cream Milk 6 x 1L,,94.99,,94.99,,https://www.shoprite.co.za/medias/lqi-checkers300Wx300H-medias-10156109PK1-en-shopriteGlobalProductCatalog-20240913110852.png?context=bWFzdGVyfGltYWdlc3wxNzUwfGltYWdlL3BuZ3xpbWFnZXMvaGUzL2hjNi8xMTIzNTIxNDI5NTA3MC5wbmd8MmNmZjdhNmIwOGUyNWNjNmZkNDM1MmUxOGI0ZTA1NDlmNWRlMTlmOWRhM2Q3NTFjNzMwNjczNzBjYTY5OTQyMg,https://www.shoprite.co.za/All-Departments/Food/Food-Cupboard/Long-Life-Milk-and-Dairy-Alternatives/Long-Life-UHT-Milk/Ritebrand-Long-Life-Full-Cream-Milk-6-x-1L-/p/10156109PK1,,Food Cupboard,True,True,2025-10-06T02:10:40.462340
Ol√© Bread Spread 25% Fat Spread 1kg,,29.99,,29.99,,https://www.shoprite.co.za/medias/lqi-10137673EA-20190726-Media-checkers300Wx300H?context=bWFzdGVyfGltYWdlc3wyOTgzfGltYWdlL3BuZ3xpbWFnZXMvaGQ4L2hmMi85MDgwMTgxOTgxMjE0LnBuZ3wxOGYzMzVjYzJjNGUxYzM1MDUzMzdhMDZkZTJmMTM5ZjExYjQ1YmEzY2QxNmI2YTVkYTQ3ZjIyNzIyMmI2MGVm,https://www.shoprite.co.za/All-Departments/Food/Fresh-Food/Milk%2C-Butter-and-Eggs/Butter%2C-Spreads-and-Margarine/Ol%C3%A9-Bread-Spread-25%25-Fat-Spread-1kg/p/10137673EA,,Fresh Food,True,True,2025-10-06T02:10:40.462688
Crown Blended Cooking Oil 2L,,78.99,,78.99,,https://www.shoprite.co.za/medias/lqi-10180019EA-checkers300Wx300H?context=bWFzdGVyfGltYWdlc3wyMDIwfGltYWdlL3BuZ3xpbWFnZXMvaDJkL2g2YS8xMDIwOTk0MjA3NzQ3MC5wbmd8YmNhNjFjYTdkOTZiNjc0ZTRjMDViYjc0MzgxZDQxMGM1MWIzNWMyMGVlOWMwODY3YzNjMDk4YzIxNTc3ODRjOA,https://www.shoprite.co.za/All-Departments/Food/Food-Cupboard/Cooking-Ingredients/Cooking-Oils-and-Fats/Crown-Blended-Cooking-Oil-2L/p/10180019EA,,Food Cupboard,True,True,2025-10-06T02:10:40.462999
Spekko Long Grain Parboiled White Rice 10kg,,189.99,,189.99,,https://www.shoprite.co.za/medias/lqi-checkers300Wx300H-medias-10125603EA-en-shopriteGlobalProductCatalog-20250617015315.png?context=bWFzdGVyfGltYWdlc3wyMDYwfGltYWdlL3BuZ3xpbWFnZXMvaGFlL2gwMC8xMTg0NzU1MTk0MjY4Ni5wbmd8Y2ZhYTQ1NjMxY2RlN2M0MmQ2YWI4NjM2YmJjNWRhYmNkYTQ0OGMxOTVjOTVjNWUzNDViY2IyNmYyYTA3ZTBiMw,https://www.shoprite.co.za/All-Departments/Food/Food-Cupboard/Rice%2C-Pasta%2C-Noodles-and-Cous-Cous/Rice/Spekko-Long-Grain-Parboiled-White-Rice-10kg/p/10125603EA,,Food Cupboard,True,True,2025-10-06T02:10:40.463308
Albany Everyday Brown Bread Loaf 700g,,13.99,,13.99,,https://www.shoprite.co.za/medias/lqi-10351328EA-checkers300Wx300H?context=bWFzdGVyfGltYWdlc3wxNjk1fGltYWdlL3BuZ3xpbWFnZXMvaGMwL2gxMC8xMDc0MzkxMDU5NjYzOC5wbmd8OTZlMDY0OGNlNWFlYzVjMjQ4MGRmYjJlMjRkZWY4NDA2N2ZlYjFkMTcwNDBjYWM5MWZjNTEzNTk2Y2M0ODU0Yg,https://www.shoprite.co.za/All-Departments/Food/Bakery/Bread-and-Rolls/Brown-and-Wholemeal-Bread/Albany-Everyday-Brown-Bread-Loaf-700g/p/10351328EA,,Bakery,True,True,2025-10-06T02:10:40.463627
Spekko Long Grain Parboiled White Rice 5kg,,99.99,,99.99,,https://www.shoprite.co.za/medias/lqi-checkers300Wx300H-medias-10133206EA-en-shopriteGlobalProductCatalog-20250605104120.png?context=bWFzdGVyfGltYWdlc3wxOTgzfGltYWdlL3BuZ3xpbWFnZXMvaDVmL2gwZS8xMTgxOTEwNTA1ODg0Ni5wbmd8NDJhZWY5NDNkZTc3NzcyYWUxYjhlZDNlZTA5NGFiNzQwYmRmZmU0MjBjMDhjZjhmMWEwNTdmY2U5OGYxMTYyMw,https://www.shoprite.co.za/All-Departments/Food/Food-Cupboard/Rice%2C-Pasta%2C-Noodles-and-Cous-Cous/Rice/Spekko-Long-Grain-Parboiled-White-Rice-5kg/p/10133206EA,,Food Cupboard,True,True,2025-10-06T02:10:40.463934
Ritebrand Medium Grain Parboiled White Rice 2kg,,33.99,,33.99,,https://www.shoprite.co.za/medias/lqi-10130255EA-checkers300Wx300H?context=bWFzdGVyfGltYWdlc3wyNTcxfGltYWdlL3BuZ3xpbWFnZXMvaDJkL2g3Zi8xMDA5OTYyNzUyNDEyNi5wbmd8OTRkNzdjYzYzMjIyYzA0ZjBjNjNjMTExMGE5ZjJkNzhiNWRiMmY1NmY4MWRiMTRmN2YxZjYzMWFiMDIwYjM3Mw,https://www.shoprite.co.za/All-Departments/Food/Food-Cupboard/Rice%2C-Pasta%2C-Noodles-and-Cous-Cous/Rice/Ritebrand-Medium-Grain-Parboiled-White-Rice-2kg/p/10130255EA,,Food Cupboard,True,True,2025-10-06T02:10:40.464242
White Star Super Maize Meal 5kg,,79.99,,79.99,,https://www.shoprite.co.za/medias/lqi-10703439EA-checkers300Wx300H?context=bWFzdGVyfGltYWdlc3wyNjcyfGltYWdlL3BuZ3xpbWFnZXMvaDJjL2g2Ni8xMDc4ODk3MjQ5NDg3OC5wbmd8MDg5YjU2NjhmY2JlZDM2NDk5MWJjMzA4YTA0ZGRjMWM5ZTQ0ODkzZmE0ODQ5MWFkNWUxMGRiNGQ0OTg4YzRlNQ,https://www.shoprite.co.za/All-Departments/Food/Food-Cupboard/Breakfast-Cereals%2C-Porridge-and-Pap/Porridge%2C-Maize-Meal-and-Pap/White-Star-Super-Maize-Meal-5kg/p/10703439EA,,Food Cupboard,True,True,2025-10-06T02:10:40.464562
Pork Pack Per kg,,69.99,,69.99,,https://www.shoprite.co.za/medias/lqi-10151892KG-checkers300Wx300H?context=bWFzdGVyfGltYWdlc3wyNTc4fGltYWdlL3BuZ3xpbWFnZXMvaGViL2hkYS85MTA5NDAwMTI1NDcwLnBuZ3w1NGU5MzY0NGRhOGZjYzMwYzAzMDBjMGZkMDBhNjBkZTc1YzRhZmZiYWUzYTBkZmI2MTA1NTdkNzlmOTYyYWM1,https://www.shoprite.co.za/All-Departments/Food/Fresh-Food/Fresh-Meat-and-Poultry/Pork-Pack-Per-kg/p/10151892KG,,Fresh Food,True,True,2025-10-06T02:10:40.464873
Harvestime Frozen Mixed Vegetables 900g,,39.99,,39.99,,https://www.shoprite.co.za/medias/lqi-checkers300Wx300H-10705282EA.png?context=bWFzdGVyfGltYWdlc3wyNjA3fGltYWdlL3BuZ3xpbWFnZXMvaGU2L2g4OS8xMTM3OTQ1MTU5MjczNC5wbmd8YjVlMjllYmEyODFjNGJlYTIzMjgxYTkzNmEyMmVjZjBkZWQ2MzQyMDgzNTNhZjk3MDUxZGMwYzFhZGE4YWU5OQ,https://www.shoprite.co.za/All-Departments/Food/Frozen-Food/Frozen-Vegetables/Frozen-Mixed-Vegetables/Harvestime-Frozen-Mixed-Vegetables-900g/p/10705282EA,,Frozen Food,True,True,2025-10-06T02:10:40.465190
SASKO Cake Wheat Flour Bag 10kg,,154.99,,154.99,,https://www.shoprite.co.za/medias/lqi-10129561EA-checkers300Wx300H?context=bWFzdGVyfGltYWdlc3wyNTE4fGltYWdlL3BuZ3xpbWFnZXMvaDAxL2hjMS8xMDQ5OTg3NjU1MjczNC5wbmd8MGNhYjZmMGJlMDFlMmY4MjAwOTlkZWFlNjJiY2E5N2M5YTJmZDc5NTg2MjY3YWQ4ODkzOTZjY2MwZGRhZjJmYQ,https://www.shoprite.co.za/All-Departments/Food/Food-Cupboard/Baking/Flour/SASKO-Cake-Wheat-Flour-Bag-10kg/p/10129561EA,,Food Cupboard,True,True,2025-10-06T02:10:40.465554
Super White Super Maize Meal 10kg,,129.99,,129.99,,https://www.shoprite.co.za/medias/lqi-10344688EA-checkers300Wx300H?context=bWFzdGVyfGltYWdlc3wyMDk3fGltYWdlL3BuZ3xpbWFnZXMvaDkyL2g0Zi8xMDYzNjQ0Nzc0NDAzMC5wbmd8NThkMGE5ZTY1YTI5YmFlMTM3OTllYzBlNzViODhiMmIzYWFiN2ZkMWJkNjk2YzQyODc2NTM2YTE5MTZhZDA3NQ,https://www.shoprite.co.za/All-Departments/Food/Food-Cupboard/Breakfast-Cereals%2C-Porridge-and-Pap/Porridge%2C-Maize-Meal-and-Pap/Super-White-Super-Maize-Meal-10kg/p/10344688EA,,Food Cupboard,True,True,2025-10-06T02:10:40.465864
Crisp Lettuce Head,,16.99,,16.99,,https://www.shoprite.co.za/medias/lqi-10684677EA-checkers300Wx300H?context=bWFzdGVyfGltYWdlc3wzMjU3fGltYWdlL3BuZ3xpbWFnZXMvaDA1L2hlOC8xMDQyMTcyMTg5MDg0Ni5wbmd8OTk2Y2VmZGMwODdhYTI1NDM3ZTQwZTg2YmVkYjkxOGNmY2NhNDVkZmJjMmVhYWEzMzRhMGE5NTZkNWJkOWI2YQ,https://www.shoprite.co.za/All-Departments/Food/Fresh-Food/Fresh-Salad%2C-Herbs-and-Dip/Lettuce-and-Salad-Bags/Crisp-Lettuce-Head/p/10684677EA,,Fresh Food,True,True,2025-10-06T02:10:40.466176
Rhodes Quality Baked Beans in Tomato Sauce 410g,,13.99,,13.99,,https://www.shoprite.co.za/medias/lqi-checkers300Wx300H-medias-10123940EA-en-shopriteGlobalProductCatalog-20250618022800.png?context=bWFzdGVyfGltYWdlc3wyMzk4fGltYWdlL3BuZ3xpbWFnZXMvaGI2L2hjNi8xMTg1MDYxNjE3NjY3MC5wbmd8YjBmMGYwMWZhOTRjMWJmYWY5NTdhMTRmYWMwZDA5OWZiOTBhNTgzMTVkNGU1OTdiODA2Zjg0NTg1MThjOGNkNQ,https://www.shoprite.co.za/All-Departments/Food/Food-Cupboard/Canned-Food/Canned-Pulses%2C-Lentils-and-Beans/Rhodes-Quality-Baked-Beans-in-Tomato-Sauce-410g/p/10123940EA,,Food Cupboard,True,True,2025-10-06T02:10:40.466494
Green Peppers 500g,,24.99,,24.99,,https://www.shoprite.co.za/medias/lqi-10145588EAv2-checkers300Wx300H?context=bWFzdGVyfGltYWdlc3wyMDY3fGltYWdlL3BuZ3xpbWFnZXMvaDBlL2hlOC85MTA5MTYwNjI0MTU4LnBuZ3w4M2M3MjM4ZTA2ZTFjNWMyYzIxZDkxZmFlY2VmNzZlYzRkODNiNDRmZDBhZWExNTkwMTM3ZjBlNjkyYjlmMWJi,https://www.shoprite.co.za/All-Departments/Food/Fresh-Food/Fresh-Salad%2C-Herbs-and-Dip/Peppers/Green-Peppers-500g/p/10145588EA,,Fresh Food,True,True,2025-10-06T02:10:40.466802
D'Lite Pure Cooking Oil 2L,,69.99,,69.99,,https://www.shoprite.co.za/medias/lqi-checkers300Wx300H-medias-10225789EA-en-shopriteGlobalProductCatalog-20250415101802.png?context=bWFzdGVyfGltYWdlc3wxNjMzfGltYWdlL3BuZ3xpbWFnZXMvaDZmL2hjZS8xMTcxNzc1OTc2MjQ2Mi5wbmd8ZTA4ODRjMWIwZTYxMWVmMzQ1NzY2ZjFmZWIwNjM5MTFhNTI0YTQ4MmZjMjQzYTM5ZDg2N2IxNzZiNWVmNDdjNA,https://www.shoprite.co.za/All-Departments/Food/Food-Cupboard/Cooking-Ingredients/Cooking-Oils-and-Fats/D%27Lite-Pure-Cooking-Oil-2L-/p/10225789EA,,Food Cupboard,True,True,2025-10-06T02:10:40.467188
D'Lite 37% Fat Spread 1kg,,39.99,,39.99,,https://www.shoprite.co.za/medias/lqi-10248800EA-checkers300Wx300H?context=bWFzdGVyfGltYWdlc3wyNTc0fGltYWdlL3BuZ3xpbWFnZXMvaDNjL2g1OS85OTM2MjIxNjM0NTkwLnBuZ3w0ZjYyYTgwZDIxM2UyNDUzMGI3ZjhiZTI0NDljMTliZWQ4Njk3ODFjMGIxMzMwZTU4MDY1ZTQyMjYyNjEzYzkx,https://www.shoprite.co.za/All-Departments/Food/Fresh-Food/Milk%2C-Butter-and-Eggs/Butter%2C-Spreads-and-Margarine/D%27Lite-37%25-Fat-Spread-1kg/p/10248800EA,,Fresh Food,True,True,2025-10-06T02:10:40.467549
